<?xml version="1.0" encoding="UTF-8"?>
<project-private xmlns="http://www.netbeans.org/ns/project-private/1">
    <editor-bookmarks xmlns="http://www.netbeans.org/ns/editor-bookmarks/2" lastBookmarkId="0"/>
    <open-files xmlns="http://www.netbeans.org/ns/projectui-open-files/2">
        <group>
            <file>file:/C:/Users/Syeda%20Maria%20Hussain/Documents/NetBeansProjects/SpiderCrawler/src/spidercrawler/Rec.java</file>
            <file>file:/C:/Users/Syeda%20Maria%20Hussain/Documents/NetBeansProjects/SpiderCrawler/src/spidercrawler/threadingClass.java</file>
            <file>file:/C:/Users/Syeda%20Maria%20Hussain/Documents/NetBeansProjects/SpiderCrawler/src/spidercrawler/Str.java</file>
            <file>file:/C:/Users/Syeda%20Maria%20Hussain/Documents/NetBeansProjects/SpiderCrawler/src/spidercrawler/Attribute.java</file>
            <file>file:/C:/Users/Syeda%20Maria%20Hussain/Documents/NetBeansProjects/SpiderCrawler/src/spidercrawler/SpiderCrawler.java</file>
        </group>
    </open-files>
</project-private>
